,DPI_1_B1,DPI_2_B1,DPI_3_B1,DPI_5_B1,DPI_7_B1,DPI_10_B1,DPI_21_B1,DPI_28_B1,DPI_35_B1,DPI_42_B1,DPI_63_B1,DPI_1_B2,DPI_2_B2,DPI_3_B2,DPI_5_B2,DPI_7_B2,DPI_10_B2,DPI_21_B2,DPI_28_B2,DPI_35_B2,DPI_42_B2,DPI_63_B2,DPI_1_B3,DPI_2_B3,DPI_3_B3,DPI_5_B3,DPI_7_B3,DPI_10_B3,DPI_21_B3,DPI_28_B3,DPI_35_B3,DPI_42_B3,DPI_63_B3,DPI_1_B4,DPI_2_B4,DPI_3_B4,DPI_5_B4,DPI_7_B4,DPI_10_B4,DPI_21_B4,DPI_28_B4,DPI_35_B4,DPI_42_B4,DPI_63_B4
LjN209,0.09847419,0.020759958,0.011177664,0.011205512,0.01582663,0.520021509,0.32204286,0.450386571,0.168455075,0.851512694,0.285498162,0.043326678,0.01785578,0.016639681,0.020530832,0.012769215,0.058725353,0.380567022,0.231107242,0.347004033,0.557546725,0.310642946,0.128735027,0.034820789,0.015781205,0.008571989,0.013640862,0.338909519,0.302869357,0.248931866,0.274798046,0.448795191,0.778085965,0.049849981,0.017690999,0.172330193,0.031570828,0.013809286,0.049013178,0.384186791,0.071739744,0.641464364,0.157948127,0.391217082
LjR1,0.001076116,0.0005396,0.006936219,0.000538013,0.000253187,0.000207956,0.021618202,0.004283248,0.015487209,0.00030588,0.022736094,0.001980168,0.00151384,0.03085732,0.000871259,0.000590329,0.000231328,0.00774794,0.012836996,0.018253375,0.003485173,0.00855248,0.000499845,0.000996272,0.001385478,0.000584387,0.000310499,0.000297015,0.009571525,0.015958722,0.011657962,0.004728952,0.00214976,0.001150027,0.003503377,0,0.000421037,0.000449135,0.000314953,0.009570677,0.014404119,0.00506901,0.00602004,0.016226937
LjR10,0.001794231,0.002653031,0.002421614,0.001755378,0.001908074,0.000743293,0.000681609,0.005075513,0.000978218,0.000154162,0.000683238,0.002129627,0.002486501,0.00191856,0.001549293,0.001806248,0.00059974,0.00050109,0.001484198,0.000409463,0.000852853,0.001455839,0.004241112,0.006570287,0.001490945,0.00115121,0.001870466,0.00087894,0.000407215,0.001115061,0.001147795,0.000827137,0.00017621,0.002668837,0.002367363,0,0.002360485,0.002165131,0.001645428,0.000578696,0.001651588,0.000359318,0.005446933,0.00026062
LjR104,0.002155781,0.000933057,0.00087875,0.000730087,0.000609666,0.000225087,0.000828423,0.000540623,0.000952001,9.14216E-05,0.001503953,0.001925785,0.000983544,0.000443967,0.001049118,0.000719643,0.000354091,0.000757951,0.001364128,0.001170243,0.000795228,0.001358,0.001670807,0.001132814,0.000725845,0.00070577,0.000874427,0.000501415,0.001297222,0.000955321,0.000798088,0.000761853,0.000154184,0.001103342,0.001000649,0,0.00059272,0.00087424,0.000584686,0.000941426,0.000991355,0.000154992,0.001370883,0.001139958
LjR105,0.014887653,0.007098731,0.007099699,0.00687146,0.004461959,0.001594329,0.002418491,0.000663203,0.002815856,3.72932E-05,0,0.019454284,0.007020709,0.003871483,0.003291424,0.003862872,0.002010556,0.001706793,0.002896238,0.002368278,0.000626962,0.000171715,0.009154198,0.005756237,0.007801953,0.004515905,0.005257791,0.00095045,0.002095069,0.001845644,0.001114261,0.000854452,0,0.047790097,0.008742661,0.00409141,0.002156891,0.002444704,0.002228899,0.002935317,0.002486425,0.001557971,0.000376481,3.33373E-05
LjR117,0.000833264,0.002068465,0.001036346,0.000781444,0.001334735,0.000334929,0.000311203,0.000252503,0.000488864,3.76517E-05,6.6038E-05,0.003256855,0.00112441,0.000822036,0.000272269,0.001226068,0.000332489,0.000336867,0.000434436,0.000428741,0.000276601,4.02458E-05,0.001477713,0.001434028,0.000881887,0.000560006,0.001086748,0.000214511,0.000491032,0.000357756,0.000261156,0.000303846,0,0.002060465,0.001952896,0,0.000443197,0.000701606,0.000484543,0.000496499,0.000468884,0.000388825,2.72164E-05,0.000109388
LjR12,0.00160958,0.000239822,0.000818877,0.000937143,0.000238509,9.12287E-05,5.26821E-05,0.000140162,0.000294164,5.16963E-05,0.001014278,0.005818915,0.000402228,0.000734972,0.00052437,0.000423826,0.000437906,0.000187148,0.000105216,0.00030342,0.001673436,0.000314414,0.000612386,0.000167722,0.000309693,0.00018153,0.000299151,0.000411564,0.000202604,0.000121338,0.000398046,0.000377502,0.000357461,0.001703667,0.000184112,0,7.42665E-05,0.000161103,0.0005653,0.00024461,0.000213936,0.000374004,0.006110235,0.000301244
LjR120,0.074363214,0.06050889,0.04491338,0.034408035,0.028242951,0.012453164,0.031188084,0.007567473,0.028863438,0.000549358,0.008608301,0.088411902,0.041988375,0.01654761,0.037598516,0.028998209,0.022652596,0.022045696,0.012249582,0.010752838,0.009357689,0.004129343,0.086760425,0.075172537,0.032789009,0.029979449,0.025449571,0.018616821,0.013235021,0.013598585,0.011001073,0.009504604,0.001109388,0.095614054,0.055389884,0.027272828,0.034909581,0.022018889,0.035837908,0.027801542,0.033036124,0.012362039,0.012874632,0.005242709
LjR122,6.89818E-05,0.00106421,0.000594232,0.002619272,0.003550119,0.000149968,0.003882005,0.00030055,0.000244432,3.40743E-05,0.000330282,0.000781645,0.001206684,0.00030067,0.001137477,0.006455779,0.000228472,0.001038673,0.00105477,6.29861E-05,0.000345751,0.000214815,0.000416538,0.000830227,0.000642541,0.000371787,0.004666117,0.000429022,0.000526961,0.000795032,0.000104442,0.000975991,8.81049E-05,0.000415275,0.000138084,0.000639283,0.000461663,0.002658451,0.000958992,0.00017662,0.000687697,0.000196147,0.000199115,4.16716E-05
LjR125,0.032031425,0.076566922,0.077763889,0.142172151,0.05184275,0.040456535,0.048089443,0.044619963,0.041813508,0.002465958,0.076695883,0.078300278,0.108422785,0.104606485,0.143859062,0.046524749,0.04752016,0.028452541,0.067513277,0.051895234,0.027535769,0.038806402,0.039210594,0.109438955,0.120906468,0.125197437,0.08716755,0.071228439,0.021368885,0.071781073,0.039279481,0.024561656,0.01456841,0.033907646,0.071569488,0.104095829,0.098273359,0.059329825,0.064661993,0.035330282,0.057746154,0.022059232,0.037616485,0.016865451
LjR126,0.010583027,0.011016266,0.010040755,0.006238206,0.011251985,0.004710116,0.004230567,0.010912258,0.006455424,0.001467666,0.002227685,0.018738553,0.014968135,0.004664108,0.005954807,0.015016198,0.007164349,0.00376967,0.014532171,0.001945858,0.002535507,0.001953738,0.013886328,0.012569962,0.006362842,0.006081092,0.007561961,0.004416525,0.003163082,0.007703447,0.002950079,0.009490818,0.001486033,0.011590403,0.010489589,0.001406423,0.008795407,0.013758265,0.012826153,0.004707138,0.009994374,0.004159105,0.012165318,0.001718955
LjR130,0.000776045,0.000505875,0.001663992,0.003234585,0.004375728,0.00269193,0.003735028,0.008488431,0.00535306,0.000544724,0.000594342,0.000879351,0.000823019,0.001634047,0.002096468,0.003507917,0.005268358,0.002147527,0.016048128,0.003962751,0.002437546,0.001029343,0.000341211,0.000679276,0.001211787,0.002447166,0.004715711,0.002933414,0.002568934,0.0148215,0.00517234,0.009239687,0.000792944,0.000718803,0.000621571,0.001438386,0.003532556,0.004350105,0.005905371,0.002310787,0.012519205,0.002325257,0.008431509,0.000375045
LjR131,0.003107592,0.000899333,0.00108903,0.000857344,0.001376015,0.00113566,0.002963362,0.002955738,0.001368819,9.684E-05,0,0.001397785,0.000877589,0.000429528,0.000943864,0.000953609,0.002527474,0.001179034,0.003403346,0.001511667,0.001244705,0.000645864,0,0.000905702,0.000301191,0.000754047,0.000983248,0.000640307,0.001197638,0.00417558,0.001253903,0.003646154,0.00017621,0.003035593,0.000355072,0,0.001185148,0.00070158,0.001574766,0.001274545,0.006373726,0.000545146,0.003139872,6.25075E-05
LjR133,0.002233148,0.00106481,0.001064955,0.001030719,0.000669294,0.000239149,0.000362774,9.94804E-05,0.000422378,5.59397E-06,0,0.002918143,0.001053106,0.000580722,0.000493714,0.000579431,0.000301583,0.000256019,0.000434436,0.000355242,9.40443E-05,2.57573E-05,0.00137313,0.000863436,0.001170293,0.000677386,0.000788669,0.000142567,0.00031426,0.000276847,0.000167139,0.000128168,0,0.007168515,0.001311399,0.000613712,0.000323534,0.000366706,0.000334335,0.000440297,0.000372964,0.000233696,5.64722E-05,5.0006E-06
LjR134,0.01787222,0.01084908,0.008494498,0.01002438,0.004596287,0.00298368,0.002244877,0.000320212,0.002273139,8.2475E-05,5.2917E-05,0.017591188,0.009452661,0.005131541,0.004561507,0.005928658,0.003918262,0.000461248,0.000869876,0.000605729,0.000543983,0.000118684,0.012078308,0.013277194,0.010271165,0.007902917,0.005034459,0.002277475,0.001099413,0.001566002,0.000752126,0.000796347,7.04839E-05,0.021726607,0.015472119,0.012785682,0.007174537,0.004084871,0.006045779,0.000533946,0.002208942,0.001251957,0.000746008,0.000146216
LjR135,0.022340275,0.01356135,0.010618122,0.012530475,0.005745359,0.0037296,0.002806097,0.000400265,0.002841424,0.000103094,6.61463E-05,0.021988986,0.011815826,0.006414427,0.005701884,0.007410822,0.004897828,0.00057656,0.001087345,0.000757161,0.000679979,0.000148355,0.015097885,0.016596493,0.012838956,0.009878646,0.006293074,0.002846844,0.001374266,0.001957503,0.000940157,0.000995433,8.81049E-05,0.027158259,0.019340148,0.015982103,0.008968171,0.005106088,0.007557224,0.000667433,0.002761178,0.001564947,0.00093251,0.00018277
LjR139,0.001282791,0.001335305,0.001217061,0.000756146,0.001363877,0.000570923,0.000512796,0.001322698,0.000782476,0.000177899,0.000270022,0.00227134,0.001814319,0.000565346,0.000721795,0.001820145,0.000868406,0.00045693,0.001761475,0.000235862,0.000307334,0.000236817,0.001683191,0.001523632,0.000771254,0.000737102,0.000916601,0.000535336,0.000383404,0.000933751,0.000357585,0.001150402,0.000180125,0.001404897,0.001271465,0.000170476,0.00106611,0.001667668,0.001554685,0.000570562,0.001211439,0.000504134,0.001474584,0.000208358
LjR142,0.000414214,0.000584566,0.00043798,0.00068248,0.000385284,0.000139974,0.000952478,0.000606013,0.001125511,9.14243E-05,0.001124996,0.001132377,0.000493644,0.000515434,0.000617448,0.000324119,0.000149935,0.000926384,0.001053962,0.001512062,0.000563261,0.000406357,0.002612828,0.000982357,0.000274239,0.000298477,0.000207067,0.000299576,0.00043726,0.001299435,0.002016056,0.00011049,0,0.001630281,0.000532704,0,0.000110799,0.000304018,0.000490049,0.000869008,0.000937768,0.000325745,0.000662767,0.000751077
LjR143,0.006406285,0.015313384,0.015552778,0.02843443,0.01036855,0.008091307,0.009617889,0.008923993,0.008362702,0.000493192,0.015339177,0.015660056,0.021684557,0.020921297,0.028771812,0.00930495,0.009504032,0.005690508,0.013502655,0.010379047,0.005507154,0.00776128,0.007842119,0.021887791,0.024181294,0.025039487,0.01743351,0.014245688,0.004273777,0.014356215,0.007855896,0.004912331,0.002913682,0.006781529,0.014313898,0.020819166,0.019654672,0.011865965,0.012932399,0.007066056,0.011549231,0.004411846,0.007523297,0.00337309
LjR145,0.003106603,0.001304032,0.000963556,0.001293119,0.001155853,0.000719869,0.002172844,0.001322209,0.002397834,0.000188226,0.000926467,0.002972493,0.002687615,0.001374491,0.001416497,0.001365931,0.000942448,0.002021202,0.00301652,0.002740614,0.001901003,0.000975251,0.004316846,0.001964716,0.001066487,0.000832594,0.001993021,0.000748939,0.001287488,0.003494016,0.002758814,0.001546853,0.000616734,0.003260568,0.001420542,0.009589242,0.001218791,0.002081354,0.001133241,0.003765702,0.002422027,0.000966727,0.002540609,0.000500719
LjR146,0.00893611,0.00542454,0.004247249,0.00501219,0.002298144,0.00149184,0.001122439,0.000160106,0.001136569,4.12375E-05,2.64585E-05,0.008795594,0.00472633,0.002565771,0.002280753,0.002964329,0.001959131,0.000230624,0.000434938,0.000302864,0.000271991,5.93422E-05,0.006039154,0.006638597,0.005135582,0.003951459,0.00251723,0.001138738,0.000549706,0.000783001,0.000376063,0.000398173,3.5242E-05,0.010863303,0.007736059,0.006392841,0.003587268,0.002042435,0.00302289,0.000266973,0.001104471,0.000625979,0.000373004,7.31081E-05
LjR149,0.006251184,0.110892556,0.112213426,0.127237875,0.13691792,0.057182694,0.120802055,0.043287327,0.148360812,0.00420965,0.184003025,0.00819701,0.160087525,0.106653102,0.111760927,0.095481654,0.109747222,0.081802414,0.064420715,0.071467444,0.013846176,0.190186931,0.00759006,0.112816317,0.096596747,0.134227309,0.119550574,0.104422064,0.067090547,0.093855932,0.106345315,0.051041962,0.0140349,0.002696857,0.051232623,0.089755309,0.111448493,0.108890848,0.11226031,0.127372503,0.115643423,0.043231598,0.065575584,0.101358226
LjR154,0.06071911,0.040525362,0.019846437,0.023334743,0.01848977,0.007543411,0.005660946,0.000889179,0.004457696,3.22462E-05,0.000579803,0.042679398,0.029659907,1.75248E-09,0.018934642,0.016536791,0.006913182,0.000486364,0.002010201,0.00113245,0.00056046,0.000337543,0.039865119,0.020478278,0.009090978,0.021076498,0.018771887,0.008378582,0.0085703,0.003754155,0.002208296,0.000171549,6.89487E-07,0.103249241,0.0394689,0.012263414,0.02214987,0.017913455,0.023507107,0.002141417,0.004369957,0.001942398,0.001025797,0.000187265
LjR17,0.00279487,0.005171162,0.002846594,0.005790645,0.001747539,0.001194762,0.000573442,0.000675779,0.000440202,1.07555E-05,0.00033054,0.005085085,0.00312641,0.007344935,0.006336378,0.000647168,0.001263737,0.000378975,0.001339398,0.000472457,0.000207451,8.08851E-05,0.001022411,0.003209648,0.007138902,0.004759923,0.001630394,0.002343122,0.000197923,0.001244164,0.000313323,0.000248601,0.000484577,0.002396636,0.002574505,0.002876773,0.004847465,0.000993905,0.001983599,0.000587426,0.002397163,0.001045536,0.000380046,0.000125098
LjR178,0.000172455,0.000112417,0.000369776,0.000718797,0.000972384,0.000598207,0.000830006,0.001886318,0.001189569,0.00012105,0.000132076,0.000195411,0.000182893,0.000363122,0.000465882,0.000779537,0.001170746,0.000477228,0.003566251,0.000880611,0.000541677,0.000228743,7.58246E-05,0.00015095,0.000269286,0.000543815,0.001047936,0.00065187,0.000570874,0.003293667,0.001149409,0.002053264,0.00017621,0.000159734,0.000138127,0.000319641,0.000785012,0.00096669,0.001312305,0.000513508,0.002782045,0.000516724,0.001873669,8.33433E-05
LjR18,0.002090632,0.00623795,0.005352021,0.003175478,0.001632871,0.002226395,0.005906969,0.005177967,0.041162342,0.00227471,0.105968992,0.000868495,0.003733737,0.00160385,0.009489732,0.003527868,0.002442111,0.003031803,0.012479548,0.03709882,0.032500618,0.074696114,0.002665872,0.002315245,0.003654871,0.004315632,0.002157212,0.002662139,0.007521168,0.007361585,0.076457934,0.0348042,0.01262837,0.002240002,0.004779939,0.002557131,0.002622248,0.004506826,0.010276355,0.003090896,0.02198843,0.013987345,0.037880191,0.170478687
LjR182,0.050599258,0.033771135,0.016538698,0.019445619,0.015408142,0.006286176,0.004717455,0.000740983,0.003714747,2.68718E-05,0.000483169,0.035566165,0.024716589,1.4604E-09,0.015778868,0.013780659,0.005760985,0.000405304,0.001675167,0.000943708,0.00046705,0.000281286,0.033220932,0.017065231,0.007575815,0.017563749,0.015643239,0.006982152,0.007141916,0.003128462,0.001840247,0.000142958,5.74573E-07,0.079639514,0.03289075,0.010219511,0.018458225,0.014927879,0.019589255,0.001784514,0.003641631,0.001618665,0.000854831,0.000156054
LjR183,0.000551854,0.00146891,0.003921572,0.003281352,0.009136741,0.002492806,0.000336949,0.000926322,0.000146659,0.000105859,0,0.000564522,0.000749607,0.000830422,0.002674282,0.009325914,0.011052346,2.80722E-05,0.001111415,0,6.91503E-05,0,0.000416538,0.001813431,0.001455756,0.004450973,0.004821367,0.004554237,3.99213E-05,0.000934262,0.000104452,0.000479186,0,0.001310692,0.00193317,0,0.006574086,0.009490742,0.009014523,1.93113E-05,0.000562661,0.0003993,0.00150281,0
LjR184,0.010140325,0.000809399,0.000701901,0.000641421,0.000825609,0.000280372,0.002232019,0.001560043,0.00299129,0.00043282,0.007077954,0.003647678,0.000987287,0.001116774,0.001416145,0.000590329,0.000621159,0.009878623,0.003086176,0.008486355,0.005402841,0.008157653,0.002066917,0.003471857,0.00078787,0.000377024,0.000854153,0.000545697,0.00448664,0.002021372,0.012752051,0.003341336,0.002144923,0.003835977,0.000710274,0.001917848,0.001225428,0.000982212,0.000575395,0.008711286,0.00236985,0.00174221,0.00568572,0.004801855
LjR186,0.00482874,0.000719466,0.00245663,0.002811428,0.000715528,0.000273686,0.000158046,0.000420486,0.000882493,0.000155089,0.003042833,0.017456745,0.001206684,0.002204915,0.001573109,0.001271478,0.001313717,0.000561444,0.000315648,0.000910261,0.005020308,0.000943241,0.001837157,0.000503167,0.000929078,0.000544589,0.000897452,0.001234693,0.000607811,0.000364014,0.001194139,0.001132507,0.001072383,0.005111001,0.000552335,0,0.000222799,0.000483309,0.001695901,0.000733829,0.000641809,0.001122012,0.018330704,0.000903733
LjR192,0.014823224,0.026088017,0.038560823,0.031125567,0.042608404,0.015644755,0.015636774,0.014886356,0.019764182,0.000317179,0.000144917,0.023049939,0.023212146,0.039152085,0.032460458,0.039581116,0.048905059,0.020378823,0.016475806,0.009963584,0.002533536,0.001998706,0.017709066,0.018864508,0.033441027,0.033192738,0.041696973,0.019079285,0.008797084,0.021658674,0.010015697,0.005921576,0.000440525,0.00937088,0.028972057,0.024612389,0.036265431,0.039839929,0.033184953,0.016805653,0.032451243,0.004321198,0.006144981,0.000355784
LjR194,0.003001592,0.000540065,0.000886699,0.000545177,0.000413161,0.000292239,8.89775E-05,1.80363E-05,9.78575E-05,0,0,0.002429788,0.000713657,0.00025794,0.00076301,0.00084081,0.000343005,0.000168579,7.24627E-05,0,0,0,0.001932887,0.001812963,0.000180871,0.000581747,0.000336665,0.000274156,0,0,0.000104522,0,0,0.000591139,0.001362285,0,0.000515863,0.000655372,0.000909302,0.000115968,0.000189265,1.11505E-05,5.93892E-05,0
LjR2,0.000828107,0.001573832,0.000497212,0.000744583,0.000990731,0.000334934,0.00097796,0.000279322,0.002225445,0.000322665,0.00839561,0.00149943,0.001288958,0.000730198,0.000907787,0.000772057,0.000193136,0.000884276,0.001303198,0.003165468,0.002281958,0.003518276,0.001709607,0.001548169,0.000677743,0.000604809,0.000685798,0.000602281,0.0003114,0.001029652,0.001253295,0.001357447,0.00035242,0.000718988,0.000710209,0,0.000470897,0.000783431,0.000741957,0.00104281,0.000790405,0.000441332,0.00162877,0.007146197
LjR20,0.022234836,0.039132026,0.057841235,0.046688351,0.063912606,0.023467132,0.02345516,0.022329534,0.029646272,0.000475769,0.000217375,0.034574908,0.034818219,0.058728128,0.048690687,0.059371674,0.073357588,0.030568234,0.024713709,0.014945376,0.003800304,0.002998059,0.026563598,0.028296763,0.050161541,0.049789106,0.06254546,0.028618927,0.013195627,0.032488011,0.015023546,0.008882363,0.000660787,0.01405632,0.043458086,0.036918583,0.054398146,0.059759893,0.04977743,0.02520848,0.048676864,0.006481798,0.009217471,0.000533676
LjR204,0.00020775,0.001083399,0.000908499,0.000852799,0.000856448,0.000682501,0.000416484,0.000162818,0.000441689,1.61956E-05,0.000662949,0.00091547,0.000275313,0.000431199,0.00098398,0.00041028,0.001505186,0.000169089,0.000181704,0.000189693,0.000208258,0.000484828,0.001026387,0.000984996,0.000755908,0.001640123,0.001272806,0.001954675,9.61839E-05,0.000631645,0.000314514,0.000610057,8.84476E-05,0.000288599,0.000712908,0.003850618,0.000389307,0.00046954,0.00118567,0.000290796,0.000726236,0.000938844,0.000272497,9.41261E-05
LjR208,0.000937421,0.000224833,0.000233543,0.000628271,0.00088065,0.000279941,0.001259429,0.002261733,0.003030956,0.000368449,0.009740606,0.000781645,0.000219397,0.000665769,0.000653444,0.001271478,0.000749675,0.00155801,0.004054721,0.004960156,0.002904311,0.012435937,0.000682016,0.00015095,0.000438255,0.00045557,0.000892686,0.000651784,0.000778465,0.003860981,0.000887925,0.003784266,0.00251099,0.001437534,0.00044384,0.001917848,0.000858694,0.001274537,0.000772241,0.002404256,0.001674586,0.000562173,0.006135923,0.003500418
LjR219,0.000724597,0.000719466,0.003007169,0.002098444,0.002655709,0.001334737,0.004608265,0.002856292,0.005526973,0.000395264,0.025220213,0.00039116,0.0018923,0.002985222,0.002305788,0.003633215,0.002270443,0.00336867,0.003638095,0.004346618,0.00674215,0.010555495,0,0.000755212,0.003945978,0.002497781,0.002730261,0.001570601,0.002395384,0.004376022,0.003185454,0.008341959,0.003215829,9.58656E-05,0.000946944,0.000958924,0.001855887,0.003274041,0.00260442,0.016482189,0.003777866,0.001854644,0.013193072,0.016684961
LjR22,0.0007588,0.000314766,0.000243274,0.000100287,0.000137602,3.66589E-05,0.000345726,0.000360436,0.001645842,0.000740483,0.00288366,0.00091192,0.00023768,0.000128859,0.000302521,0.000401121,8.56771E-05,0.000645662,0.001737743,0.000944792,0.002604659,0.001985457,0.000378671,0.000402534,5.01985E-05,0.000214694,3.44999E-05,0.000176009,0.000191622,0.000276465,0.001810675,0.00119697,0.000264315,0.000479178,0.00015781,0,0.000110799,0.000335199,0.000413881,0.000308981,0.000696628,0.000238179,0.001864313,0.000281284
LjR220,0.003311127,0.000194786,0,3.60677E-05,5.58833E-05,1.99964E-05,0.000889009,0.000684789,9.77914E-05,0.000855364,0.018094414,0.000264373,0.000120612,0.000628574,0.000224644,0,8.64739E-05,0.000178289,0.000726251,0,0.002224909,0.002264145,0.00090881,0.001207602,0,0,0,3.30017E-05,0,0.000686397,0,0.001104895,0.000183514,0.000767192,0,0,0.000997193,0,0.000121136,0.000231736,0.000107174,0.000105079,0.005429036,0.013280398
LjR221,0.101026062,0.122757689,0.134416878,0.09678152,0.132482748,0.043664289,0.061976746,0.08282285,0.090027549,0.016678088,0.03168737,0.093354506,0.119608018,0.128113715,0.11619646,0.195678978,0.119005489,0.104708356,0.145909225,0.145831745,0.097498628,0.114253931,0.149271233,0.146508823,0.139885512,0.110530748,0.136417422,0.080392191,0.087716625,0.091008949,0.125884766,0.104301375,0.016619992,0.111778085,0.141922657,0.122742303,0.140788493,0.163561713,0.131814336,0.054766056,0.080307605,0.033267448,0.211628874,0.048327645
LjR223,0.000724309,0.001348999,0.00061305,0.002645819,0.008366173,0.001899598,0.001051994,0.001865258,0.004570878,0.001616334,0.001122646,0.000390823,0.001618054,0.000644293,0.000671596,0.002270497,0.0008889,0.001389576,0.005358028,0.00448776,0.017287563,0.009417506,0.001476816,0.000981177,0.00034637,0.000518407,0.000698624,0.001023053,0.187418416,0.002173589,0.038233127,0.005524476,0.019074712,0.001150026,0.000680555,0.001917848,0.00141269,0.01421869,0.006071932,0.000811074,0.001620999,0.002626975,0.031711268,0.000312537
LjR227,0.000414218,0.002032006,0.003004977,0.00421586,0.00432497,0.004758993,0.010989333,0.003668199,0.015425612,0.000494766,0.003517673,0.00260994,0.000987287,0.002663076,0.005446743,0.009634444,0.007706055,0.013105893,0.01365332,0.004327902,0.002424574,0.007086746,0.00090881,0.003092956,0.001899105,0.00704456,0.003689241,0.005169786,0.021353316,0.003561518,0.017697081,0.008640413,0.001409678,0.001341761,0.001420288,0.003835697,0.00421037,0.00977535,0.009658946,0.004982314,0.006091688,0.002561174,0.011843767,0.004603187
LjR228,0.009081075,0.002541239,0.001352633,0.00194304,0.000756976,0.002986078,0.003708677,0.011752676,0.003501864,0.001095503,0.00338497,0.006857257,0.001653317,0.001107384,0.0025047,0.001467729,0.000574698,0.007705933,0.006995026,0.005300461,0.002672733,0.01938332,0.015839871,0.003627169,0.001203966,0.001207322,0.001532682,0.004759937,0.004141888,0.005691916,0.005471898,0.002309154,0.003320894,0.005678359,0.002719792,0.003989125,0.003346319,0.001776116,0.002327585,0.003872973,0.001540437,0.002832751,0.00243432,0.002347537
LjR229,0,0.000389738,0.0004087,0.001334636,0.001900172,0.000793304,0.002429957,0.004171015,0.012788093,0.001140062,0.004508336,0.000264394,0.000362024,0.000808354,0.000701002,0.002650991,0.003013469,0.006063639,0.006463734,0.001182339,0.005876167,0.00291112,0,0.000603801,0.000757423,0.001288164,0.001449474,0.001141239,0.001772505,0.003100482,0.000626703,0.003110987,0.000183554,0.000575395,0.001050581,0,0.000997193,0.001917652,0.001393062,0.002549091,0.002052587,0.001454268,0.006623423,0.039380764
LjR230,0.003173163,0.003627308,0.000155695,0.000106187,0.000110081,2.6661E-05,0.000291137,7.20872E-05,0.000423682,0,0,0.000347398,0.001608912,0,0.000484074,0.001014155,9.99566E-05,0,0.000120676,0,0,0,0.005225656,0.000603801,8.03176E-05,8.3783E-05,0.000138,0.000110006,4.79055E-05,5.71997E-05,0,0,0,0.00300285,0.001256738,0,3.69331E-05,0.00046772,0.000323029,7.72452E-05,0.000214347,4.90369E-05,3.62001E-05,0
LjR232,0.007312071,0.004886373,0.004186098,0.002831646,0.003504252,0.000559881,0.000533405,0.002354714,0.001075501,0.000118307,0.009333372,0.004689872,0.002779031,0.002147642,0.002129745,0.003541975,0.001913455,0.001684335,0.002509863,0.005101875,0.000322701,0.00482949,0.004926975,0.004629142,0.002931592,0.002670584,0.002518496,0.000748039,0.000255496,0.003069718,0.003202572,0.000184149,0.000234946,0.011564711,0.002958933,0,0.005059831,0.002666004,0.000706626,0.000656584,0.00126822,0.001464101,0.000289549,0.000312537
LjR234,0.010941577,0.002306662,0.001241963,0.001245057,0.001758514,0.057780168,0.03578254,0.050042952,0.018717231,0.094612522,0.031722018,0.004814075,0.001983976,0.001848853,0.002281204,0.001418802,0.006525039,0.042285225,0.025678582,0.038556004,0.061949636,0.034515883,0.014303892,0.003868977,0.001753467,0.000952443,0.001515651,0.037656613,0.033652151,0.027659096,0.030533116,0.049866132,0.086453996,0.005538887,0.001965667,0.019147799,0.00350787,0.001534365,0.005445909,0.042687421,0.007971083,0.071273818,0.017549792,0.043468565
LjR237,0.000414214,0.000629533,0.000525576,0.002795503,0.001926421,0.00103981,0.004702868,0.003640195,0.00352335,0.000329844,0.00052941,0.003442783,0.001096986,0.000944962,0.001380176,0.004293641,0.002398959,0.006232039,0.007995629,0.00207909,0.001971405,0.002438136,0.000454405,0.000604527,0.001645436,0.000596954,0.003054238,0.001393168,0.001676837,0.004592537,0.001697732,0.004198602,0.00017621,0.001150788,0.000591893,0,0.000332398,0.003086953,0.001225125,0.006836198,0.007373751,0.000728828,0.00401779,0.000500719
LjR239,0.002874375,0.001244077,0.001171666,0.000973449,0.000812887,0.000300116,0.001104564,0.000720831,0.001269335,0.000121895,0.002005271,0.002567714,0.001311392,0.000591956,0.001398824,0.000959524,0.000472121,0.001010601,0.001818838,0.001560323,0.001060304,0.001810667,0.002227742,0.001510419,0.000967793,0.000941027,0.001165903,0.000668553,0.001729629,0.001273762,0.001064117,0.001015804,0.000205578,0.001471123,0.001334199,0,0.000790294,0.001165654,0.000779582,0.001255234,0.001321807,0.000206655,0.001827844,0.001519944
LjR240,0.004599003,0.007404504,0.003525191,0.004304939,0.003676474,0.001665814,0.003204224,0.001934229,0.003395877,0.000286813,0.005773439,0.005511181,0.004979474,0.005688531,0.004319171,0.0055896,0.002875638,0.002301924,0.002661107,0.002674844,0.001336905,0.002633698,0.00906727,0.005185796,0.004349859,0.003679049,0.003723924,0.003525101,0.002113991,0.001628116,0.001631648,0.001034274,0.000528629,0.004279621,0.003881303,0.002557131,0.004327817,0.006430652,0.005244454,0.002703581,0.001250358,0.000210158,0.004271022,0.002026592
LjR243,0.000413891,0.000584608,0.000467085,0.002272488,0.005309305,0.001566266,0.007230604,0.024481141,0.020461008,0.002778391,0.029039026,0.000264394,0.000603373,0.000538903,0.001246227,0.004342139,0.005677564,0.00410186,0.014452615,0.010246946,0.01706891,0.02781738,0,0.000301901,0.00020657,0.001539513,0.003209545,0.002785966,0.003305482,0.012057415,0.00501362,0.016777171,0.004038183,0.000191798,0.000150432,0,0.000997193,0.006454537,0.004663729,0.00672033,0.004699344,0.005859226,0.033008536,0.032471877
LjR246,0,4.49666E-05,2.91987E-05,5.32756E-05,2.75203E-05,7.99854E-05,0.000355639,0.000450519,0.000489353,4.8401E-05,0.000397209,0.000260993,0.000219397,4.29528E-05,0,9.08408E-05,0.000172,0.000336867,0.000579199,9.45037E-05,6.91503E-05,0.000812715,0,0,0.000150624,9.42559E-05,0.000207067,6.60034E-05,0.00064678,0.000314633,0.001044505,0.000500108,8.81049E-05,0,0,0,0.000110799,0.000210474,0.000272556,0.000231736,0.000267934,0,0.000325767,0.000250359
LjR247,0.010035032,0.003238928,0.003853455,0.007720305,0.005118777,0.002339705,0.001955819,0.003964569,0.00351982,0.000322656,0.001584912,0.009119195,0.005820245,0.001804328,0.002541463,0.004178931,0.003898805,0.000336867,0.005431137,0.002456458,0.002074508,0.001448847,0.01965126,0.004078828,0.002349554,0.005279304,0.003624108,0.00326717,0.001006016,0.005376774,0.0025068,0.003756644,0.000881049,0.004416014,0.002962768,0.003835697,0.003988772,0.004070184,0.003634074,0.0013909,0.006966278,0.000777854,0.005429036,0.000562567
LjR248,0.001242164,0.000626808,0.000525524,0.000425001,0.001596178,0.000599969,0.001284191,0.000865122,0.003293346,0.000143407,0.00158659,0.000173848,0.000585059,0.000229082,0.001113554,0.002346452,0.001042405,0.000617589,0.001737598,0.003023736,0.002166708,0.006200636,0.000454405,0.000805556,0.000361463,0.000670264,0.000949024,0.001298068,0.001549013,0.000896179,0.004386529,0.001694173,0.001057259,0,0.000631298,0,0.000362616,0.002775139,0.001494465,0.001004187,0.004001144,0.000420401,0.003038812,0.004253341
LjR25,0.003835388,0.002847886,0.002183624,0.000933243,0.001599847,0.00085182,0.000347148,0.000492168,0.000717,4.67382E-05,7.93781E-05,0.0016154,0.002111105,0.001500486,0.001805443,0.002756428,0.001148073,0.000213349,0.000355751,0.001007778,4.61002E-05,0.000218582,0.003453477,0.001979044,0.00117792,0.00133215,0.001121248,0.00076784,0.005531492,0.000301252,0.002549617,0.000369215,8.22312E-05,0.004930589,0.002872138,0.000767139,0.000760821,0.001988652,0.001441516,0.000177664,0.000557302,0.000247986,0.001205329,5.0006E-05
LjR251,0.000138019,2.99778E-05,0.000116994,0.000246658,0.000311897,0.000159968,0.000836917,0.000289433,0.00210147,3.22665E-05,0.000617125,0.000173848,0.000109699,8.59057E-05,0.000290492,0.000317906,0.000157373,0.000683728,0.000655943,0.001952828,0.002351109,0.0011863,0,0.000151042,0.000120488,0.000188512,0.000345056,0.000459691,0.001485135,0.000479597,0.000417764,0.000443262,0.001057259,0,7.8912E-05,0,0.000110799,0.000779533,0.000605679,0.000657812,0.001446842,0.000196961,0.002569841,0.000500393
LjR255,0.032032253,0.001244077,0.001035371,0.000638731,0.001394362,0.000496576,0.000717703,0.000738827,0.000848215,0.000132655,0.001544382,0.001043974,0.001389153,0.00138439,0.000980576,0.00121878,0.000652126,0.000786023,0.001435932,0.000567024,0.000968104,0.000812712,0.001524634,0.002015091,0.000810898,0.000947795,0.001422631,0.000632533,0.000502987,0.000953338,0.000487435,0.001111352,0.000205578,0.001118822,0.001321893,0.000639283,0.000867927,0.001075756,0.001009465,0.000270358,0.001616534,0.000301702,0.003275011,0.000657193
LjR257,0.001552701,0.000899333,0.000732343,0.001174204,0.000660487,0.000274985,0.000192629,0.00014467,0.000171188,1.07555E-05,0,0.00149943,0.001426082,0.000579863,0.001016721,0.000378854,0.000192773,0.000132641,0.0003077,4.72457E-05,0.000207451,0.00024264,0.001760819,0.000944009,0.000882396,0.000700275,0.000571531,0.000331676,5.98844E-05,7.20945E-05,5.38027E-05,0.000112791,0,0.001269327,0.000976537,0,0.00075275,0.000470681,0.000605679,2.99324E-05,0.00020196,9.16257E-05,0.000300584,6.25487E-05
LjR261,0.000414214,0,0.000175192,7.11929E-05,0,0,0.00029765,0.000612706,0.000391483,6.45347E-05,0,0.001059322,0.000109699,8.59057E-05,0,0,0.00029987,0.000336867,0.000363436,0,0.000140815,0.000812713,0,0,0.000121884,6.28373E-05,5.1767E-05,3.32862E-05,9.58192E-05,0.000688879,0.000212216,0.00011049,0,0.000575393,0,0,0.000332398,0,0.000122513,0.002664959,0.001286082,6.30474E-05,0.001303066,6.259E-05
LjR262,0.00103554,0.004110192,0.005067206,0.004412359,0.005323032,0.002419488,0.006271097,0.002887342,0.004323092,0.000242005,0.001285304,0.002348948,0.00307156,0.004939576,0.005119919,0.003812664,0.004843198,0.00153186,0.004902125,0.002655753,0.00335163,0.00238972,0.002612828,0.005103372,0.004441452,0.005164972,0.004520613,0.005236515,0.002953639,0.003882631,0.003265538,0.005126648,0.001057259,0.00019168,0.00355072,0.009589242,0.002991579,0.005074763,0.005376219,0.001158678,0.005929937,0.002029401,0.008629018,0.001923248
LjR263,0.017576219,0.012220625,0.012294273,0.00956465,0.013694562,0.004314353,0.003566742,0.001211512,0.002835802,1.88377E-05,0.001387776,0.013531149,0.011079959,0.026092418,0.013353984,0.008831551,0.006064603,0.001983198,0.006028946,0.001276552,0.001363781,0.000724858,0.02090906,0.017779453,0.028872664,0.009300596,0.010300733,0.007753039,0.006787296,0.003025389,0.003041023,0.000989561,0.000557422,0.019810118,0.017220398,0.010068896,0.011984781,0.012061721,0.014920802,0.002697826,0.003011825,0.001153837,0.001723313,0.00050039
LjR265,0.04804838,0.001866115,0.001553056,0.000958096,0.002091543,0.000744863,0.001076554,0.001108241,0.001272322,0.000198982,0.002316574,0.001565961,0.00208373,0.002076585,0.001470864,0.00182817,0.000978188,0.001179034,0.002153897,0.000850535,0.001452155,0.001219068,0.002286951,0.003022636,0.001216347,0.001421693,0.002133946,0.000948799,0.000754481,0.001430007,0.000731152,0.001667027,0.000308367,0.001678233,0.00198284,0.000958924,0.001301891,0.001613634,0.001514198,0.000405537,0.0024248,0.000452553,0.004912517,0.00098579
LjR269,0.000206945,0.000449666,0.000694398,0.000327511,0.000963211,0.000359924,0.000282211,3.60783E-05,4.88864E-05,2.69071E-06,6.60657E-05,0.00045596,0.000219397,0.000128859,0.000562688,0.000828848,0.001034102,8.42167E-05,0.000108694,4.72396E-05,0,0,0.000454405,0.000151077,0.000271072,0.000534117,0.000181125,0.000264014,0.000203599,2.85999E-05,0,0,0,9.58858E-05,0.000147947,0,0.000470897,0.000713488,0.000545111,5.79339E-05,0.001795156,0.000178634,0.000597425,1.56269E-05
LjR275,0.000206945,0.000607049,0.000517104,0.000318659,0.000577926,0.000354925,0.000252505,2.70587E-05,0,0,0,0.000325686,0.000493644,0.000236241,0.000671596,0.000658537,0.000818664,0,0.00012681,0,0,0,5.68006E-05,0,0.000150595,0.000636227,0.0001035,0.000280515,0.000335339,8.57996E-05,0.000156671,2.76396E-05,0,0.000383544,0.000532608,0,0.000692495,0.000818758,0.000772241,2.89669E-05,0.001420049,7.35553E-05,0.000651734,0
LjR282,0.011037089,0.01999516,0.006305654,0.007235504,0.013723459,0.009391345,0.006857912,0.008890306,0.007561095,0.001970062,0.02043916,0.006079464,0.025206211,0.003579403,0.008107551,0.019030396,0.014864977,0.003817826,0.015898055,0.004597986,0.012400945,0.00885369,0.01060278,0.011585786,0.005214318,0.01048335,0.018957717,0.0172599,0.008048129,0.026292805,0.005501135,0.037892383,0.003524196,0.010485524,0.024973395,0.003835697,0.009122468,0.020806372,0.025216438,0.0011973,0.053193781,0.016959749,0.049237371,0.022648537
LjR284,0.000414218,0.0002698,0.002277497,3.5438E-05,0.000165122,0,0.000414915,0.003135614,0.013408462,0.000150581,0.002514767,0.000260999,0,0.008246945,7.26412E-05,0.000136262,0,0.00336867,0.005791993,0.011718516,0.001106404,0.005527142,0.000681607,0.000151134,0.001566494,6.28373E-05,0.000672971,3.30017E-05,0.001868479,0.002345452,0.013369661,0.001325874,0.00035242,0,0.000118379,0,0.000443197,0.000327404,0,0.003707768,0.000428694,0.00329948,0.01031596,0.002566225
LjR285,0,0.000360198,0.000292305,0.001736624,0.000496007,0.000480518,0.0009495,0.000144352,0.002251678,1.07691E-05,0,0.000782655,0.000878724,0.0010322,0.001163178,0.000227343,0.000900773,0,0.00144987,0.00094601,0.000964473,0.000483573,0,0.000453436,0.001025371,0.00122691,0.000414535,0.001123509,0.000815446,0.001202747,0.004182667,0.002433907,0.000529312,0.00019191,0.00011851,0,0.000221885,0.001170811,0.000909694,0,0.002790101,0.00035773,0.001304652,6.25881E-05
LjR286,1.32547E-06,2.86003E-07,1.86094E-07,1.12804E-07,1.77443E-07,6.49086E-08,1.8854E-07,0.001238868,0.002687379,3.76755E-05,4.28859E-07,8.4685E-07,3.49661E-07,0.030838134,2.36805E-07,1.42977E-07,0.005538596,5.50724E-07,0.008005596,0.002553104,4.34041E-07,0.001449716,7.22113E-07,4.90917E-07,0.025956031,1.0144E-07,1.68233E-07,1.07372E-07,1.53818E-07,1.83824E-07,6.8228E-07,0.001979122,0.001114844,6.05382E-07,3.82181E-07,0.020137793,3.51055E-07,1.53917E-07,1.94085E-07,3.78123E-07,0.004166584,6.58235E-08,3.40477E-07,1.9832E-07
LjR287,0.002003349,0.001055645,0.000344281,0.000846155,0.000281459,0.000222924,0.000346186,8.97242E-05,8.95861E-05,2.30423E-06,0,0.002206889,0.001250997,0.000361235,0.000588487,0.000198961,0.000155238,7.10489E-05,3.31389E-05,0,3.10033E-05,2.6852E-05,0.001648941,0.000464019,0.00038546,0.000845936,0.000402711,0.000320127,5.52628E-05,0.000119101,0,0,0,0.003744953,0.001944066,0,0.00039198,0.000223591,0.000489862,0,0.000213763,5.44922E-05,2.4245E-05,1.24828E-05
LjR289,0.000827782,0.000629533,0.000521608,0,0.001486096,0.000199958,0.0009491,0.004342645,0.002639865,0.000496143,0,0.001042194,0,0.000429528,0.00014521,0.00018164,0.002141927,0.000336867,0.006505849,0,0.000691503,0,0.002272024,0,0.00066262,0.000188512,0.00015525,0.000264014,0.000191622,0.001887591,0,0.003425175,0,0.000575041,0.000236715,0,0.001107992,0.000889159,0.000423975,0.000347603,0.002893685,0.000126095,0.00381203,0
LjR291,0.000414217,0.007013858,0.002685578,0.003683114,0.0051175,0.005277803,0.006873365,0.002162117,0.002932616,4.29961E-05,0.000661772,0.000521316,0.001533512,0.004636244,0.005227744,0.004223569,0.011564095,0.000842167,0.003905859,0.003399954,7.26376E-06,0.000978796,0.000681607,0.006800371,0.003371531,0.007945772,0.003881585,0.004539981,0.001578985,0.004916751,0.002287865,0.006954564,0.00211315,0.000958637,0.001301883,0.003835697,0.003655798,0.005796708,0.0089617,0.000926942,0.011781904,0.002331829,0.008466668,0.000688417
LjR293,0,0,0,0.000144285,0,9.99816E-05,0.000296336,0.000613589,0.00068454,4.45061E-05,0.001716988,0,0.000120675,0,0.00022468,0.00018164,0.000475628,0.001783424,0.001597779,0.002364681,0.000139061,0.001940747,0.001136012,0,0,0.000188512,0.000258834,9.90052E-05,0.00043115,0.000743596,0.000835604,0,0,0,0,0,0,9.3544E-05,0.000181704,0.000579339,0.000535868,0,0.000542904,0.001002301
LjR294,0.003848374,0.004005915,0.003651184,0.002268438,0.004091631,0.001712769,0.001538388,0.003968094,0.002347427,0.000533697,0.000810067,0.006814019,0.005442958,0.001696039,0.002165384,0.005460436,0.002605218,0.001370789,0.005284426,0.000707585,0.000922002,0.00071045,0.005049574,0.004570895,0.002313761,0.002211306,0.002749804,0.001606009,0.001150212,0.002801253,0.001072756,0.003451207,0.000540376,0.004214692,0.003814396,0.000511427,0.00319833,0.005003005,0.004664056,0.001711687,0.003634318,0.001512402,0.004423752,0.000625075
LjR299,0.006627468,0.021673914,0.013139406,0.016691206,0.011833731,0.005099061,0.031592761,0.006847892,0.045803909,0.000505522,0.005426541,0.025055615,0.01316383,0.011081832,0.012203729,0.011854763,0.010409767,0.009432275,0.019330776,0.023626028,0.014383252,0.015442697,0.01317774,0.019193932,0.013194632,0.014798176,0.01392528,0.008149544,0.018780597,0.019736077,0.02277029,0.018451751,0.002466937,0.013617721,0.045694211,0.015342788,0.011744716,0.012534898,0.016413902,0.015758016,0.042226359,0.018514708,0.02530126,0.009388558
LjR3,0.000965745,0.002907842,0.007389467,0.006057858,0.006604873,0.003885144,0.007797179,0.002936556,0.00676718,0.001211896,0.016845944,0.001563291,0.00903185,0.015004858,0.005664589,0.00699313,0.005768925,0.015366748,0.009160567,0.008583873,0.006255931,0.001442858,0.000842073,0.003471857,0.005111049,0.005299276,0.007299135,0.003252133,0.005886201,0.009745555,0.005339719,0.005436748,0.001549113,0.000319665,0.001262707,0,0.00542159,0.006719579,0.003714832,0.010066359,0.00831243,0.002886079,0.009950047,0.001558494
LjR30,0.000138018,1.49889E-05,2.92484E-05,0.000136495,0.000110081,7.33188E-05,0.000740701,0.000557406,0.001297002,0.00026351,0.00348236,0,5.52096E-05,6.16889E-05,7.26231E-05,0.000128677,0.000228906,0.000975241,0.001494093,0.001480369,0.001452155,0.001698564,0.000265947,0.000100695,0.000152283,0.000157093,0.000164857,7.15037E-05,0.000511015,0.001333278,0.000870344,0.000997336,0.00035242,0.000191731,7.8912E-05,0,3.69331E-05,0.00011693,7.06626E-05,0.001986321,0.000482281,0.000139165,0.001972622,0.002752162
LjR32,0.02301233,0.017087318,0.013101747,0.005599459,0.009599082,0.005110918,0.002082888,0.002953006,0.004302002,0.000280429,0.000476269,0.009692402,0.012666632,0.009002915,0.010832657,0.016538571,0.006888439,0.001280094,0.002134509,0.006046667,0.000276601,0.00131149,0.020720861,0.011874263,0.007067517,0.0079929,0.006727488,0.00460704,0.033188952,0.001807511,0.0152977,0.002215293,0.000493387,0.029583534,0.017232826,0.004602836,0.004564927,0.011931913,0.008649097,0.001065983,0.003343813,0.001487919,0.007231975,0.000300036
LjR37,0.088939345,0.156528105,0.231364939,0.186753404,0.255650423,0.093868528,0.093820642,0.089318135,0.118585089,0.001903074,0.000869501,0.138299633,0.139272878,0.234912513,0.194762748,0.237486695,0.293430352,0.122272936,0.098854835,0.059781505,0.015201217,0.011992236,0.106254393,0.113187051,0.200646162,0.199156426,0.250181839,0.114475708,0.052782506,0.129952044,0.060094182,0.035529454,0.002643147,0.056225282,0.173832343,0.147674333,0.217592584,0.239039573,0.19910972,0.100833919,0.194707458,0.02592719,0.036869884,0.002134705
LjR70,0.051111172,0.022900828,0.009525916,0.018596568,0.008246707,0.003419821,0.007511427,0.001373038,0.001332213,0.000168868,3.30467E-05,0.042285644,0.023436443,0.011570851,0.011278596,0.004367425,0.006374987,0.000567162,0.002244741,0.000472396,0.000299246,0,0.026040521,0.010474289,0.018607726,0.031100126,0.006731486,0.005798386,0.001497994,0.002561275,0.000208924,0.00046958,0.00035242,0.057921302,0.030519914,0.010548167,0.011212104,0.00444831,0.007457014,0.000517176,0.00610976,0.001378862,0.000452605,0.000371948
LjR73,0.006406285,0.015313384,0.015552778,0.02843443,0.01036855,0.008091307,0.009617889,0.008923993,0.008362702,0.000493192,0.015339177,0.015660056,0.021684557,0.020921297,0.028771812,0.00930495,0.009504032,0.005690508,0.013502655,0.010379047,0.005507154,0.00776128,0.007842119,0.021887791,0.024181294,0.025039487,0.01743351,0.014245688,0.004273777,0.014356215,0.007855896,0.004912331,0.002913682,0.006781529,0.014313898,0.020819166,0.019654672,0.011865965,0.012932399,0.007066056,0.011549231,0.004411846,0.007523297,0.00337309
LjR79,0.055772411,0.045381668,0.033685035,0.025806026,0.021182214,0.009339873,0.023391063,0.005675605,0.021647579,0.000412019,0.006456226,0.066308927,0.031491281,0.012410707,0.028198887,0.021748657,0.016989447,0.016534272,0.009187186,0.008064628,0.007018267,0.003097007,0.065070319,0.056379402,0.024591757,0.022484587,0.019087178,0.013962615,0.009926266,0.010198939,0.008250805,0.007128453,0.000832041,0.071710541,0.041542413,0.020454621,0.026182186,0.016514167,0.026878431,0.020851157,0.024777093,0.009271529,0.009655974,0.003932032
LjR80,0,0,0,3.53956E-05,5.50406E-05,1.99958E-05,0.000829741,0.007352473,0.002639865,0.001505728,0.005943421,0,0,0,0,4.54099E-05,0.000214193,0.001010601,0.007095191,0.002645417,0.009127833,0.003541626,0.000454405,0,0,9.42559E-05,5.17499E-05,3.30017E-05,0.000479055,0.003889581,0.001670907,0.005634966,0.001233469,0,0.000118357,0,0,0.000140316,0.000181704,0.001738016,0.001339669,0.000525395,0.019980371,0.004313015
LjR82,0.001854486,0.003052424,0.004829771,0.006275989,0.002486872,0.000715682,0.003217145,0.000377264,0.000732934,3.75948E-05,0.00075291,0.006326854,0.00682274,0.004564756,0.002865572,0.001004702,0.00111503,0.000439915,0.000619929,0.000438031,5.57084E-05,0.000374323,0.00266953,0.001799146,0.00554629,0.006082961,0.001621256,0.002047542,0.00073149,0.004907421,0.000360129,0.000169274,0.00013969,0.001236822,0.004236758,0.006392828,0.003835499,0.001180175,0.002177275,0.000370922,0.002506556,0.000832842,0.000639302,0.000367829